columpioscam3-2024-12-13_18-44-00.mp4,urn:ngsi-ld:camera:columpiosCam3,2024-12-14T00:44:00+00:00,2024-12-14T00:44:32.008235+00:00,columpioscam3-2024-12-13_18-44-00.mp4,1011
columpioscam3-2024-12-14_19-33-00.mp4,urn:ngsi-ld:camera:columpiosCam3,2024-12-15T01:33:00.044218+00:00,2024-12-15T01:33:11.054549+00:00,columpioscam3-2024-12-14_19-33-00.mp4,1000
columpioscam2-2025-01-07_14-13-15.mp4,urn:ngsi-ld:camera:columpiosCam2,2025-01-07T20:13:15.085080+00:00,2025-01-07T20:13:25.124491+00:00,columpioscam2-2025-01-07_14-13-15.mp4,995
columpioscam3-2024-12-14_22-08-00.mp4,urn:ngsi-ld:camera:columpiosCam3,2024-12-15T04:08:00.046189+00:00,2024-12-15T04:08:15.057606+00:00,columpioscam3-2024-12-14_22-08-00.mp4,984
columpios_cam4-2024-12-13_18-43-00.mp4,urn:ngsi-ld:camera:columpios_cam4,2024-12-14T00:43:00.056852+00:00,2024-12-14T00:43:23.536661+00:00,columpios_cam4-2024-12-13_18-43-00.mp4,980
columpioscam3-2024-12-17_08-30-00.mp4,urn:ngsi-ld:camera:columpiosCam3,2024-12-17T14:30:00+00:00,2024-12-17T14:30:10.040163+00:00,columpioscam3-2024-12-17_08-30-00.mp4,976
columpios_cam4-2024-12-17_08-08-00.mp4,urn:ngsi-ld:camera:columpios_cam4,2024-12-17T14:08:00.041494+00:00,2024-12-17T14:08:10.124522+00:00,columpios_cam4-2024-12-17_08-08-00.mp4,957
columpios_cam4-2024-12-13_12-19-00.mp4,urn:ngsi-ld:camera:columpios_cam4,2024-12-13T18:19:00.082996+00:00,2024-12-13T18:19:10.125533+00:00,columpios_cam4-2024-12-13_12-19-00.mp4,955
columpioscam3-2024-12-14_19-15-00.mp4,urn:ngsi-ld:camera:columpiosCam3,2024-12-15T01:15:00.055167+00:00,2024-12-15T01:15:18.977337+00:00,columpioscam3-2024-12-14_19-15-00.mp4,943
columpioscam2-2024-12-14_20-54-00.mp4,urn:ngsi-ld:camera:columpiosCam2,2024-12-15T02:54:00.042970+00:00,2024-12-15T02:54:10.098061+00:00,columpioscam2-2024-12-14_20-54-00.mp4,935
columpioscam3-2024-12-17_08-31-00.mp4,urn:ngsi-ld:camera:columpiosCam3,2024-12-17T14:31:00+00:00,2024-12-17T14:31:10.037178+00:00,columpioscam3-2024-12-17_08-31-00.mp4,934
columpioscam3-2024-12-09_08-33-00.mp4,urn:ngsi-ld:camera:columpiosCam3,2024-12-09T14:33:00.046018+00:00,2024-12-09T14:33:10.031948+00:00,columpioscam3-2024-12-09_08-33-00.mp4,924
columpioscam3-2024-12-15_13-32-00.mp4,urn:ngsi-ld:camera:columpiosCam3,2024-12-15T19:32:00.135692+00:00,2024-12-15T19:32:12.121801+00:00,columpioscam3-2024-12-15_13-32-00.mp4,922
columpioscam3-2024-12-15_21-58-00.mp4,urn:ngsi-ld:camera:columpiosCam3,2024-12-16T03:58:00.048430+00:00,2024-12-16T03:58:14.093140+00:00,columpioscam3-2024-12-15_21-58-00.mp4,920
columpioscam2-2024-12-15_15-21-00.mp4,urn:ngsi-ld:camera:columpiosCam2,2024-12-15T21:21:00+00:00,2024-12-15T21:21:10.122188+00:00,columpioscam2-2024-12-15_15-21-00.mp4,908
columpioscam2-2024-12-14_12-12-00.mp4,urn:ngsi-ld:camera:columpiosCam2,2024-12-14T18:12:00.048208+00:00,2024-12-14T18:12:14.028584+00:00,columpioscam2-2024-12-14_12-12-00.mp4,896
columpios_cam4-2024-12-14_21-44-00.mp4,urn:ngsi-ld:camera:columpios_cam4,2024-12-15T03:44:00.042966+00:00,2024-12-15T03:44:10.097037+00:00,columpios_cam4-2024-12-14_21-44-00.mp4,895
columpioscam3-2024-12-14_09-14-00.mp4,urn:ngsi-ld:camera:columpiosCam3,2024-12-14T15:14:00.061404+00:00,2024-12-14T15:14:29.105627+00:00,columpioscam3-2024-12-14_09-14-00.mp4,892
columpioscam3-2024-12-17_08-34-00.mp4,urn:ngsi-ld:camera:columpiosCam3,2024-12-17T14:34:00+00:00,2024-12-17T14:34:10.081125+00:00,columpioscam3-2024-12-17_08-34-00.mp4,877
columpioscam3-2024-12-17_08-35-00.mp4,urn:ngsi-ld:camera:columpiosCam3,2024-12-17T14:35:00.042898+00:00,2024-12-17T14:35:10.081125+00:00,columpioscam3-2024-12-17_08-35-00.mp4,872
columpioscam2-2024-12-09_17-47-00.mp4,urn:ngsi-ld:camera:columpiosCam2,2024-12-09T23:47:00.042895+00:00,2024-12-09T23:47:10.123121+00:00,columpioscam2-2024-12-09_17-47-00.mp4,871
columpioscam3-2024-12-14_18-29-00.mp4,urn:ngsi-ld:camera:columpiosCam3,2024-12-15T00:29:00.041735+00:00,2024-12-15T00:29:17.111516+00:00,columpioscam3-2024-12-14_18-29-00.mp4,853
columpioscam2-2024-12-15_17-55-00.mp4,urn:ngsi-ld:camera:columpiosCam2,2024-12-15T23:55:00+00:00,2024-12-15T23:55:10.124313+00:00,columpioscam2-2024-12-15_17-55-00.mp4,853
columpioscam2-2024-12-14_17-56-00.mp4,urn:ngsi-ld:camera:columpiosCam2,2024-12-14T23:56:00.042895+00:00,2024-12-14T23:56:10.123121+00:00,columpioscam2-2024-12-14_17-56-00.mp4,851
columpioscam2-2024-12-17_10-50-00.mp4,urn:ngsi-ld:camera:columpiosCam2,2024-12-17T16:50:00.042902+00:00,2024-12-17T16:50:10.039195+00:00,columpioscam2-2024-12-17_10-50-00.mp4,843
columpioscam2-2024-12-15_17-58-00.mp4,urn:ngsi-ld:camera:columpiosCam2,2024-12-15T23:58:00.061218+00:00,2024-12-15T23:58:22.099797+00:00,columpioscam2-2024-12-15_17-58-00.mp4,843
columpios_cam4-2024-12-09_08-33-00.mp4,urn:ngsi-ld:camera:columpios_cam4,2024-12-09T14:33:00.049818+00:00,2024-12-09T14:33:12.404762+00:00,columpios_cam4-2024-12-09_08-33-00.mp4,837
columpioscam2-2024-12-15_21-48-00.mp4,urn:ngsi-ld:camera:columpiosCam2,2024-12-16T03:48:00.051214+00:00,2024-12-16T03:48:19.051557+00:00,columpioscam2-2024-12-15_21-48-00.mp4,834
columpioscam2-2024-12-09_20-42-00.mp4,urn:ngsi-ld:camera:columpiosCam2,2024-12-10T02:42:00.050624+00:00,2024-12-10T02:42:15.693446+00:00,columpioscam2-2024-12-09_20-42-00.mp4,833
columpioscam2-2024-12-14_22-13-00.mp4,urn:ngsi-ld:camera:columpiosCam2,2024-12-15T04:13:00.041576+00:00,2024-12-15T04:13:11.100832+00:00,columpioscam2-2024-12-14_22-13-00.mp4,833
columpioscam2-2024-12-09_19-21-00.mp4,urn:ngsi-ld:camera:columpiosCam2,2024-12-10T01:21:00.052011+00:00,2024-12-10T01:21:18.100020+00:00,columpioscam2-2024-12-09_19-21-00.mp4,830
columpioscam3-2024-12-09_19-16-00.mp4,urn:ngsi-ld:camera:columpiosCam3,2024-12-10T01:16:00.042431+00:00,2024-12-10T01:16:10.098601+00:00,columpioscam3-2024-12-09_19-16-00.mp4,829
columpioscam2-2024-12-15_14-45-00.mp4,urn:ngsi-ld:camera:columpiosCam2,2024-12-15T20:45:00.042902+00:00,2024-12-15T20:45:10.039195+00:00,columpioscam2-2024-12-15_14-45-00.mp4,820
columpioscam2-2024-12-13_18-28-00.mp4,urn:ngsi-ld:camera:columpiosCam2,2024-12-14T00:28:00.044974+00:00,2024-12-14T00:28:12.053037+00:00,columpioscam2-2024-12-13_18-28-00.mp4,804
columpioscam3-2024-12-12 17,urn:ngsi-ld:camera:columpiosCam3,2024-12-12T23:58:47.041498+00:00,2024-12-12T23:58:57.125533+00:00,columpioscam3-2024-12-12 17,802
columpios_cam4-2024-12-16_20-39-00.mp4,urn:ngsi-ld:camera:columpios_cam4,2024-12-17T02:39:00.056082+00:00,2024-12-17T02:39:25.012835+00:00,columpios_cam4-2024-12-16_20-39-00.mp4,798
columpios_cam4-2024-12-15_22-15-00.mp4,urn:ngsi-ld:camera:columpios_cam4,2024-12-16T04:15:00.047107+00:00,2024-12-16T04:15:17.099771+00:00,columpios_cam4-2024-12-15_22-15-00.mp4,796
columpioscam2-2024-12-14_20-13-00.mp4,urn:ngsi-ld:camera:columpiosCam2,2024-12-15T02:13:00.042970+00:00,2024-12-15T02:13:10.098061+00:00,columpioscam2-2024-12-14_20-13-00.mp4,794
columpioscam3-2024-12-13_21-07-00.mp4,urn:ngsi-ld:camera:columpiosCam3,2024-12-14T03:07:00+00:00,2024-12-14T03:07:10.097878+00:00,columpioscam3-2024-12-13_21-07-00.mp4,793
columpios_cam4-2024-12-09_17-52-00.mp4,urn:ngsi-ld:camera:columpios_cam4,2024-12-09T23:52:00.045608+00:00,2024-12-09T23:52:10.033784+00:00,columpios_cam4-2024-12-09_17-52-00.mp4,791
columpioscam2-2024-12-14_17-58-00.mp4,urn:ngsi-ld:camera:columpiosCam2,2024-12-14T23:58:00.061218+00:00,2024-12-14T23:58:22.099797+00:00,columpioscam2-2024-12-14_17-58-00.mp4,788
columpios_cam4-2025-01-06_14-38-03.mp4,urn:ngsi-ld:camera:columpios_cam4,2025-01-06T20:38:03.052176+00:00,2025-01-06T20:38:20.113839+00:00,columpios_cam4-2025-01-06_14-38-03.mp4,787
columpioscam2-2025-01-07_14-12-05.mp4,urn:ngsi-ld:camera:columpiosCam2,2025-01-07T20:12:05.042804+00:00,2025-01-07T20:12:15.829392+00:00,columpioscam2-2025-01-07_14-12-05.mp4,783
columpioscam2-2024-12-15_18-24-00.mp4,urn:ngsi-ld:camera:columpiosCam2,2024-12-16T00:24:00.046950+00:00,2024-12-16T00:24:13.052096+00:00,columpioscam2-2024-12-15_18-24-00.mp4,780
columpioscam2-2024-12-14_18-24-00.mp4,urn:ngsi-ld:camera:columpiosCam2,2024-12-15T00:24:00.046950+00:00,2024-12-15T00:24:13.052096+00:00,columpioscam2-2024-12-14_18-24-00.mp4,780
columpioscam3-2024-12-13_12-35-00.mp4,urn:ngsi-ld:camera:columpiosCam3,2024-12-13T18:35:00.041494+00:00,2024-12-13T18:35:10.124522+00:00,columpioscam3-2024-12-13_12-35-00.mp4,770
columpioscam3-2024-12-17_09-43-00.mp4,urn:ngsi-ld:camera:columpiosCam3,2024-12-17T15:43:00.042899+00:00,2024-12-17T15:43:10.124132+00:00,columpioscam3-2024-12-17_09-43-00.mp4,763
columpios_cam4-2024-12-17 16,urn:ngsi-ld:camera:columpios_cam4,2024-12-17T22:08:05.042714+00:00,2024-12-17T22:39:19.361009+00:00,columpios_cam4-2024-12-17 16,746
columpios_cam4-2024-12-13_11-38-00.mp4,urn:ngsi-ld:camera:columpios_cam4,2024-12-13T17:38:00.234063+00:00,2024-12-13T17:38:24.108516+00:00,columpios_cam4-2024-12-13_11-38-00.mp4,744
columpioscam3-2024-12-09_20-30-00.mp4,urn:ngsi-ld:camera:columpiosCam3,2024-12-10T02:30:00.042958+00:00,2024-12-10T02:30:10.224073+00:00,columpioscam3-2024-12-09_20-30-00.mp4,736
